<?xml version="1.0"?>
<!DOCTYPE hibernate-mapping PUBLIC
"-//Hibernate/Hibernate Mapping DTD 3.0//EN"
"http://hibernate.sourceforge.net/hibernate-mapping-3.0.dtd">

<hibernate-mapping>
	<class name="com.manytomany.EmployeeDetails" table="hr.DelEmployee">

		<id name="employeeId" column="employeeId" />
		<property name="employeeName" column="employeeName" length="10" />
		<property name="employeeSalary" column="employeeSalary" length="10" />
	<set name="employeeAddress" cascade="save-update"  table="hr.DelEmpAdd">
				<key column="employeeId" />
				<many-to-many column="addressId" class="com.manytomany.AddressDetails"></many-to-many>
		</set>
		

	</class>
	<class name="com.manytomany.AddressDetails" table="hr.DelAddress">

		<id name="addressId" column="addressId" />
		<property name="cityName" column="cityName" length="10" />
		<property name="stateName" column="stateName" length="10" />
		
		

	</class>
	
	
	
</hibernate-mapping>